{"cameraMode":{"drawMode":0,"name":"Shaded","section":"Shading Mode"},"sceneLighting":true,"audioPlay":false,"sceneViewState":{"showFog":false,"showMaterialUpdate":false,"showSkybox":false,"showFlares":false,"showImageEffects":false,"showParticleSystems":false},"in2DMode":false,"pivot":{"x":2.765458106994629,"y":-7.9471235275268559,"z":13.392356872558594},"rotation":{"x":0.13992604613304139,"y":0.09194445610046387,"z":-0.013050775974988938,"w":0.9857979416847229},"size":39.594581604003909,"orthographic":false}